ASIN,Title,Price,Rating,Reviews,Link
B0DHZH8KYG,,,No rating found,No reviews found,https://www.amazon.inhttps://aax-eu.amazon.in/x/c/JOn4gpEsWyDVLNQx-hzK4TEAAAGUqVviDQMAAAH2AQBvbm9fdHhuX2JpZDIgICBvbm9fdHhuX2ltcDIgICDIEtH2/clv1_CEuOPUxokZA0iHrVBOks6CHrUHpadIcu7bsnqxyv7eNQ8X8Rv3D6X_w18HHE8xvVjq0yzpNb3X7OfU2LA3sgCUlINBqBHOvVLlpUSmEva367HKNFxYgc6JJGZySDv2pmlx8br4Br3LCvuYiXOJHdHLu6uL6N8u41jevvqB9GmX-TtL2LkRJjARjlbtq3a-l4XzURbJnDhYtDByosK9hSfeAQh46plcUsGR_YO9xj3QYPrYhyg725A00ugAazyVxAXSeoLebJsFxjyQkFMt9rKk3-N1CbozbBIv-27fLJZLYSeG2ZjZmJ5R-Sfj_7JKDk_-kf8DsGPxu27emhJfaZGepVy-pfXxU5sr5BjxYHevo1XJMdG1KoBC7w-oaz1ISHiA/https://www.amazon.in/dp/B0DHZH8KYG/?_encoding=UTF8&pd_rd_i=B0DHZH8KYG&ref_=sbx_be_s_sparkle_ssd_img&qid=1738008158&pd_rd_w=ZXHAT&content-id=amzn1.sym.df9fe057-524b-4172-ac34-9a1b3c4e647d%3Aamzn1.sym.df9fe057-524b-4172-ac34-9a1b3c4e647d&pf_rd_p=df9fe057-524b-4172-ac34-9a1b3c4e647d&pf_rd_r=CY03E8VNEP6PRWRXATMP&pd_rd_wg=VUnKs&pd_rd_r=c232c3b8-ffcc-49ff-afb1-dc30e93bdd63&pd_rd_plhdr=t
B0CBTQZ63V,"FRONTECH 22 Inch HD LED Monitor | Refresh Rate 60 Hz, 1680 X 1050 Pixels | Wall Mountable Slim & Stylish Design with 16.7M Colors| HDMI & VGA Ports, Built-in Power Supply (MON-0060,Black)",3499,3.3,"2,401",https://www.amazon.in/sspa/click?ie=UTF8&spc=MTo2NTgzNDE1NzMyODI4ODIyOjE3MzgwMDgxNTg6c3BfYXRmOjMwMDA3MjExODc1MDMzMjo6MDo6&url=%2FFRONTECH-LED-Monitor-Resolution-Interface%2Fdp%2FB0CBTQZ63V%2Fref%3Dsr_1_1_sspa%3Fdib%3DeyJ2IjoiMSJ9.NfhkKHmFGT6u4ISdnjbc84AvfMVL7UJCYVH-Lqgsm5LxEWRjqXDTBFVbZXMBPb5n29a9CzjkN0qzGCBHt_PvHogZJQD0Du1QAsLdFlLsLUqSnDJs8MvVczClDdRpdfy-q2in-Zfoe0RqoPS1MuFLJbjZiutawlJzsydETtASwal1SDtj6A_7ElmK_p-wDQYY2pEJyYI8IuImKIICgvSfMWQODQeAWZU0nYoiOfwI2Es9o3mdlAlax3tqt7GtCryyAf57D_uFyoyHwtQEWkzeUV_L41osth7f41KdCGYp3tU.5METQmxAakKn-CmUIS8QsHRK8mIbzzWEzifI6v3mm1I%26dib_tag%3Dse%26keywords%3Dtelevision%2Bfor%2Bsmall%2Btv%26qid%3D1738008158%26s%3Dcomputers%26sr%3D1-1-spons%26sp_csd%3Dd2lkZ2V0TmFtZT1zcF9hdGY%26psc%3D1
B0BPBP6X9M,"LG 27UP650-W 27 Inche (68.4 Cm) 27 (68.4cm) UHD (3840 x 2160 Pixels) 4K IPS Display, VESA DisplayHDR 400, Immersive Gaming Experience, AMD FreeSync, Ergonomic Design (Silver)",23699,4.3,"4,148",https://www.amazon.in/sspa/click?ie=UTF8&spc=MTo2NTgzNDE1NzMyODI4ODIyOjE3MzgwMDgxNTg6c3BfYXRmOjMwMDQ1Nzc3NDU3MzczMjo6MDo6&url=%2FLG-27UP650-W-DisplayHDR-Immersive-Experience%2Fdp%2FB0BPBP6X9M%2Fref%3Dsr_1_2_sspa%3Fdib%3DeyJ2IjoiMSJ9.NfhkKHmFGT6u4ISdnjbc84AvfMVL7UJCYVH-Lqgsm5LxEWRjqXDTBFVbZXMBPb5n29a9CzjkN0qzGCBHt_PvHogZJQD0Du1QAsLdFlLsLUqSnDJs8MvVczClDdRpdfy-q2in-Zfoe0RqoPS1MuFLJbjZiutawlJzsydETtASwal1SDtj6A_7ElmK_p-wDQYY2pEJyYI8IuImKIICgvSfMWQODQeAWZU0nYoiOfwI2Es9o3mdlAlax3tqt7GtCryyAf57D_uFyoyHwtQEWkzeUV_L41osth7f41KdCGYp3tU.5METQmxAakKn-CmUIS8QsHRK8mIbzzWEzifI6v3mm1I%26dib_tag%3Dse%26keywords%3Dtelevision%2Bfor%2Bsmall%2Btv%26qid%3D1738008158%26s%3Dcomputers%26sr%3D1-2-spons%26sp_csd%3Dd2lkZ2V0TmFtZT1zcF9hdGY%26psc%3D1
B08DPLCM6T,LG 80 cm (32 inches) HD Ready Smart LED TV 32LM563BPTC (Dark Iron Gray),13990,4.2,"17,355",https://www.amazon.in/LG-inches-Ready-Smart-32LM563BPTC/dp/B08DPLCM6T/ref=sr_1_3?dib=eyJ2IjoiMSJ9.NfhkKHmFGT6u4ISdnjbc84AvfMVL7UJCYVH-Lqgsm5LxEWRjqXDTBFVbZXMBPb5n29a9CzjkN0qzGCBHt_PvHogZJQD0Du1QAsLdFlLsLUqSnDJs8MvVczClDdRpdfy-q2in-Zfoe0RqoPS1MuFLJbjZiutawlJzsydETtASwal1SDtj6A_7ElmK_p-wDQYY2pEJyYI8IuImKIICgvSfMWQODQeAWZU0nYoiOfwI2Es9o3mdlAlax3tqt7GtCryyAf57D_uFyoyHwtQEWkzeUV_L41osth7f41KdCGYp3tU.5METQmxAakKn-CmUIS8QsHRK8mIbzzWEzifI6v3mm1I&dib_tag=se&keywords=television+for+small+tv&qid=1738008158&s=computers&sr=1-3
B09GG4FT99,"ZEBRONICS Zeb-V19Hd 18.5 Inch (46.99 Cm) Led Monitor with Supporting Hdmi, Vga Input, Hd 1366 X 768 Pixels, 16.7M Colors, Glossy Panel, Slim Design & Wall Mountable, Black",2899,3.6,"3,917",https://www.amazon.in/ZEBRONICS-ZEB-V19HD-LED-Supporting-Mountable/dp/B09GG4FT99/ref=sr_1_4?dib=eyJ2IjoiMSJ9.NfhkKHmFGT6u4ISdnjbc84AvfMVL7UJCYVH-Lqgsm5LxEWRjqXDTBFVbZXMBPb5n29a9CzjkN0qzGCBHt_PvHogZJQD0Du1QAsLdFlLsLUqSnDJs8MvVczClDdRpdfy-q2in-Zfoe0RqoPS1MuFLJbjZiutawlJzsydETtASwal1SDtj6A_7ElmK_p-wDQYY2pEJyYI8IuImKIICgvSfMWQODQeAWZU0nYoiOfwI2Es9o3mdlAlax3tqt7GtCryyAf57D_uFyoyHwtQEWkzeUV_L41osth7f41KdCGYp3tU.5METQmxAakKn-CmUIS8QsHRK8mIbzzWEzifI6v3mm1I&dib_tag=se&keywords=television+for+small+tv&qid=1738008158&s=computers&sr=1-4
B0CG675TD4,"Samsung 22-inch (54.6cm) FHD Flat 1,920 x 1,080 Monitor, IPS, 75 Hz, Bezel Less Design, AMD FreeSync, Flicker Free, HDMI, D-sub, (LS22C310EAWXXL, Black)",6799,4.3,"6,373",https://www.amazon.in/Samsung-22-inch-Monitor-FreeSync-LS22C310EAWXXL/dp/B0CG675TD4/ref=sr_1_5?dib=eyJ2IjoiMSJ9.NfhkKHmFGT6u4ISdnjbc84AvfMVL7UJCYVH-Lqgsm5LxEWRjqXDTBFVbZXMBPb5n29a9CzjkN0qzGCBHt_PvHogZJQD0Du1QAsLdFlLsLUqSnDJs8MvVczClDdRpdfy-q2in-Zfoe0RqoPS1MuFLJbjZiutawlJzsydETtASwal1SDtj6A_7ElmK_p-wDQYY2pEJyYI8IuImKIICgvSfMWQODQeAWZU0nYoiOfwI2Es9o3mdlAlax3tqt7GtCryyAf57D_uFyoyHwtQEWkzeUV_L41osth7f41KdCGYp3tU.5METQmxAakKn-CmUIS8QsHRK8mIbzzWEzifI6v3mm1I&dib_tag=se&keywords=television+for+small+tv&qid=1738008158&s=computers&sr=1-5
B0C2VPX93F,"Lenovo L-Series 54.48 cm (21.4inch) | FHD Ultraslim Monitor |16.7Mn Colors, 75Hz, 4ms, AMD FreeSync, HDMI,TUV Eye Comfort & Low Blue Light, Smart Display Customization Artery, Grey, L22e-40",6799,4.3,720,https://www.amazon.in/Lenovo-Ultraslim-Monitor-FreeSync-Customization/dp/B0C2VPX93F/ref=sr_1_6?dib=eyJ2IjoiMSJ9.NfhkKHmFGT6u4ISdnjbc84AvfMVL7UJCYVH-Lqgsm5LxEWRjqXDTBFVbZXMBPb5n29a9CzjkN0qzGCBHt_PvHogZJQD0Du1QAsLdFlLsLUqSnDJs8MvVczClDdRpdfy-q2in-Zfoe0RqoPS1MuFLJbjZiutawlJzsydETtASwal1SDtj6A_7ElmK_p-wDQYY2pEJyYI8IuImKIICgvSfMWQODQeAWZU0nYoiOfwI2Es9o3mdlAlax3tqt7GtCryyAf57D_uFyoyHwtQEWkzeUV_L41osth7f41KdCGYp3tU.5METQmxAakKn-CmUIS8QsHRK8mIbzzWEzifI6v3mm1I&dib_tag=se&keywords=television+for+small+tv&qid=1738008158&s=computers&sr=1-6
B0CCW3D585,"FRONTECH 19 Inch High-Performance HD LED Monitor | Refresh Rate 75 Hz, 1440x900 Pixels | Slim & Stylish Design with 250 Nits Brightness | HDMI & VGA Ports, Built-in Power Supply (MON-0001,Black)",2750,3.3,"2,401",https://www.amazon.in/FRONTECH-High-Performance-1440x900-Resolution-Warranty/dp/B0CCW3D585/ref=sr_1_7?dib=eyJ2IjoiMSJ9.NfhkKHmFGT6u4ISdnjbc84AvfMVL7UJCYVH-Lqgsm5LxEWRjqXDTBFVbZXMBPb5n29a9CzjkN0qzGCBHt_PvHogZJQD0Du1QAsLdFlLsLUqSnDJs8MvVczClDdRpdfy-q2in-Zfoe0RqoPS1MuFLJbjZiutawlJzsydETtASwal1SDtj6A_7ElmK_p-wDQYY2pEJyYI8IuImKIICgvSfMWQODQeAWZU0nYoiOfwI2Es9o3mdlAlax3tqt7GtCryyAf57D_uFyoyHwtQEWkzeUV_L41osth7f41KdCGYp3tU.5METQmxAakKn-CmUIS8QsHRK8mIbzzWEzifI6v3mm1I&dib_tag=se&keywords=television+for+small+tv&qid=1738008158&s=computers&sr=1-7
B0CFFPJTXX,LAPCARE LED Monitor LM21WHD – 20’’(50.8CM) with 1600 x 900 HD Quality & VGA+HDMI Ports | PC Input | Plug & Play | Slim & Power Saver,3099,3.6,94,https://www.amazon.in/LAPCARE-LED-Monitor-LM21WHD-Warranty/dp/B0CFFPJTXX/ref=sr_1_8?dib=eyJ2IjoiMSJ9.NfhkKHmFGT6u4ISdnjbc84AvfMVL7UJCYVH-Lqgsm5LxEWRjqXDTBFVbZXMBPb5n29a9CzjkN0qzGCBHt_PvHogZJQD0Du1QAsLdFlLsLUqSnDJs8MvVczClDdRpdfy-q2in-Zfoe0RqoPS1MuFLJbjZiutawlJzsydETtASwal1SDtj6A_7ElmK_p-wDQYY2pEJyYI8IuImKIICgvSfMWQODQeAWZU0nYoiOfwI2Es9o3mdlAlax3tqt7GtCryyAf57D_uFyoyHwtQEWkzeUV_L41osth7f41KdCGYp3tU.5METQmxAakKn-CmUIS8QsHRK8mIbzzWEzifI6v3mm1I&dib_tag=se&keywords=television+for+small+tv&qid=1738008158&s=computers&sr=1-8
B0BRH5W4MD,"ViewSonic (from USA) -VA2215-MH 55.88 Cm (22"") FHD Monitor |100 Hz |1ms Response Time,Flicker Free, Eyecare Technology, Low Power Consumption, SRGB104%, AMD Freesync with HDMI & VGA Port.",5599,4.8,5,https://www.amazon.in/ViewSonic-Response-Technology-Consumption-VA2215-MH/dp/B0BRH5W4MD/ref=sr_1_9?dib=eyJ2IjoiMSJ9.NfhkKHmFGT6u4ISdnjbc84AvfMVL7UJCYVH-Lqgsm5LxEWRjqXDTBFVbZXMBPb5n29a9CzjkN0qzGCBHt_PvHogZJQD0Du1QAsLdFlLsLUqSnDJs8MvVczClDdRpdfy-q2in-Zfoe0RqoPS1MuFLJbjZiutawlJzsydETtASwal1SDtj6A_7ElmK_p-wDQYY2pEJyYI8IuImKIICgvSfMWQODQeAWZU0nYoiOfwI2Es9o3mdlAlax3tqt7GtCryyAf57D_uFyoyHwtQEWkzeUV_L41osth7f41KdCGYp3tU.5METQmxAakKn-CmUIS8QsHRK8mIbzzWEzifI6v3mm1I&dib_tag=se&keywords=television+for+small+tv&qid=1738008158&s=computers&sr=1-9
B0D9YSPXCS,"FRONTECH 20 Inch HD LED Monitor | Refresh Rate 60 Hz, 1600 X 900 Pixels | Wall Mountable Slim & Stylish Design with 16.7M Colors| HDMI & VGA Ports | Dual Input (MON-0074, Black)",3399,3.4,41,https://www.amazon.in/FRONTECH-Monitor-Refresh-Mountable-MON-0074/dp/B0D9YSPXCS/ref=sr_1_10?dib=eyJ2IjoiMSJ9.NfhkKHmFGT6u4ISdnjbc84AvfMVL7UJCYVH-Lqgsm5LxEWRjqXDTBFVbZXMBPb5n29a9CzjkN0qzGCBHt_PvHogZJQD0Du1QAsLdFlLsLUqSnDJs8MvVczClDdRpdfy-q2in-Zfoe0RqoPS1MuFLJbjZiutawlJzsydETtASwal1SDtj6A_7ElmK_p-wDQYY2pEJyYI8IuImKIICgvSfMWQODQeAWZU0nYoiOfwI2Es9o3mdlAlax3tqt7GtCryyAf57D_uFyoyHwtQEWkzeUV_L41osth7f41KdCGYp3tU.5METQmxAakKn-CmUIS8QsHRK8mIbzzWEzifI6v3mm1I&dib_tag=se&keywords=television+for+small+tv&qid=1738008158&s=computers&sr=1-10
B08H8RWQ4M,LipiWorld® RC802V FMR1 32F2A 40F2A 49F2A LED LCD Smart TV HD Remote Control (Suitable for TCL Tv Remote Without Voice Function) with Netflix Function Compatible for TCL Small,329,3.5,345,https://www.amazon.in/RC802V-FMR1-32F2A-40F2A-Remote/dp/B08H8RWQ4M/ref=sr_1_11?dib=eyJ2IjoiMSJ9.NfhkKHmFGT6u4ISdnjbc84AvfMVL7UJCYVH-Lqgsm5LxEWRjqXDTBFVbZXMBPb5n29a9CzjkN0qzGCBHt_PvHogZJQD0Du1QAsLdFlLsLUqSnDJs8MvVczClDdRpdfy-q2in-Zfoe0RqoPS1MuFLJbjZiutawlJzsydETtASwal1SDtj6A_7ElmK_p-wDQYY2pEJyYI8IuImKIICgvSfMWQODQeAWZU0nYoiOfwI2Es9o3mdlAlax3tqt7GtCryyAf57D_uFyoyHwtQEWkzeUV_L41osth7f41KdCGYp3tU.5METQmxAakKn-CmUIS8QsHRK8mIbzzWEzifI6v3mm1I&dib_tag=se&keywords=television+for+small+tv&qid=1738008158&s=computers&sr=1-11
B09L8DSSFH,"7SEVEN® Compatible for Samsung Smart 4K Tv Remote Original Led UHD Qled Television and Monitor Suitable for Frame Ultra 6 7 8 Series with Hot Keys BN59 Model Without Voice Command, AA Battery Required",369,3.8,"1,322",https://www.amazon.in/7SEVENTM-Compatible-Replacement-Original-BN59-01259E/dp/B09L8DSSFH/ref=sr_1_12?dib=eyJ2IjoiMSJ9.NfhkKHmFGT6u4ISdnjbc84AvfMVL7UJCYVH-Lqgsm5LxEWRjqXDTBFVbZXMBPb5n29a9CzjkN0qzGCBHt_PvHogZJQD0Du1QAsLdFlLsLUqSnDJs8MvVczClDdRpdfy-q2in-Zfoe0RqoPS1MuFLJbjZiutawlJzsydETtASwal1SDtj6A_7ElmK_p-wDQYY2pEJyYI8IuImKIICgvSfMWQODQeAWZU0nYoiOfwI2Es9o3mdlAlax3tqt7GtCryyAf57D_uFyoyHwtQEWkzeUV_L41osth7f41KdCGYp3tU.5METQmxAakKn-CmUIS8QsHRK8mIbzzWEzifI6v3mm1I&dib_tag=se&keywords=television+for+small+tv&qid=1738008158&s=computers&sr=1-12
B0BQBN413B,7SEVEN® Compatible with Videocon Tv Remote Original Suitable for Any LCD LED Smart Android 4K Videocon Television Remote Control - Universal Remote for Videocon tv,399,3.7,17,https://www.amazon.in/Compatible-Videocon-Original-Suitable-Television/dp/B0BQBN413B/ref=sr_1_13?dib=eyJ2IjoiMSJ9.NfhkKHmFGT6u4ISdnjbc84AvfMVL7UJCYVH-Lqgsm5LxEWRjqXDTBFVbZXMBPb5n29a9CzjkN0qzGCBHt_PvHogZJQD0Du1QAsLdFlLsLUqSnDJs8MvVczClDdRpdfy-q2in-Zfoe0RqoPS1MuFLJbjZiutawlJzsydETtASwal1SDtj6A_7ElmK_p-wDQYY2pEJyYI8IuImKIICgvSfMWQODQeAWZU0nYoiOfwI2Es9o3mdlAlax3tqt7GtCryyAf57D_uFyoyHwtQEWkzeUV_L41osth7f41KdCGYp3tU.5METQmxAakKn-CmUIS8QsHRK8mIbzzWEzifI6v3mm1I&dib_tag=se&keywords=television+for+small+tv&qid=1738008158&s=computers&sr=1-13
B0CW6B1HXG,7SEVEN® Compatible Redmi Tv Remote Control Original for Smart Android 4K Led UHD HD Xiaomi mi Television with Bluetooth Feature and Voice Command - Pairing Must,690,4.0,66,https://www.amazon.in/7SEVEN%C2%AE-Compatible-Original-Television-Bluetooth/dp/B0CW6B1HXG/ref=sr_1_14?dib=eyJ2IjoiMSJ9.NfhkKHmFGT6u4ISdnjbc84AvfMVL7UJCYVH-Lqgsm5LxEWRjqXDTBFVbZXMBPb5n29a9CzjkN0qzGCBHt_PvHogZJQD0Du1QAsLdFlLsLUqSnDJs8MvVczClDdRpdfy-q2in-Zfoe0RqoPS1MuFLJbjZiutawlJzsydETtASwal1SDtj6A_7ElmK_p-wDQYY2pEJyYI8IuImKIICgvSfMWQODQeAWZU0nYoiOfwI2Es9o3mdlAlax3tqt7GtCryyAf57D_uFyoyHwtQEWkzeUV_L41osth7f41KdCGYp3tU.5METQmxAakKn-CmUIS8QsHRK8mIbzzWEzifI6v3mm1I&dib_tag=se&keywords=television+for+small+tv&qid=1738008158&s=computers&sr=1-14
B0DGQ1Q7HF,"LG 27MS550 (27 Inch) IPS Full HD (1920 x 1080) Monitor, 5ms, 100Hz, HDMI X 2, Built-in Speaker, Tilt & Height Adjustable Stand, Virtual Borderless, Flicker Safe, Reader Mode,OnScreen Control, Black",11499,4.7,13,https://www.amazon.in/sspa/click?ie=UTF8&spc=MTo2NTgzNDE1NzMyODI4ODIyOjE3MzgwMDgxNTg6c3BfbXRmOjMwMDQ1Nzc3NDU3MzgzMjo6MDo6&url=%2FLG-27MS550-Adjustable-Borderless-OnScreen%2Fdp%2FB0DGQ1Q7HF%2Fref%3Dsr_1_15_sspa%3Fdib%3DeyJ2IjoiMSJ9.NfhkKHmFGT6u4ISdnjbc84AvfMVL7UJCYVH-Lqgsm5LxEWRjqXDTBFVbZXMBPb5n29a9CzjkN0qzGCBHt_PvHogZJQD0Du1QAsLdFlLsLUqSnDJs8MvVczClDdRpdfy-q2in-Zfoe0RqoPS1MuFLJbjZiutawlJzsydETtASwal1SDtj6A_7ElmK_p-wDQYY2pEJyYI8IuImKIICgvSfMWQODQeAWZU0nYoiOfwI2Es9o3mdlAlax3tqt7GtCryyAf57D_uFyoyHwtQEWkzeUV_L41osth7f41KdCGYp3tU.5METQmxAakKn-CmUIS8QsHRK8mIbzzWEzifI6v3mm1I%26dib_tag%3Dse%26keywords%3Dtelevision%2Bfor%2Bsmall%2Btv%26qid%3D1738008158%26s%3Dcomputers%26sr%3D1-15-spons%26sp_csd%3Dd2lkZ2V0TmFtZT1zcF9tdGY%26psc%3D1
B0DMWFVQDX,"LG 27US500-W, 27 Inch Ultrafine Monitor, IPS, 4K UHD (3840x2160), 60Hz,HDR10 up to 90% DCI-P3 Color gamut, Borderless Design, Reader Mode, Flicker Safe, HDMI X 2, DisplayPort, Head Phone Out - White",19999,4.8,14,https://www.amazon.in/sspa/click?ie=UTF8&spc=MTo2NTgzNDE1NzMyODI4ODIyOjE3MzgwMDgxNTg6c3BfbXRmOjMwMDQ2NzIzOTAyOTgzMjo6MDo6&url=%2FLG-27US500-W-Ultrafine-Borderless-DisplayPort%2Fdp%2FB0DMWFVQDX%2Fref%3Dsr_1_16_sspa%3Fdib%3DeyJ2IjoiMSJ9.NfhkKHmFGT6u4ISdnjbc84AvfMVL7UJCYVH-Lqgsm5LxEWRjqXDTBFVbZXMBPb5n29a9CzjkN0qzGCBHt_PvHogZJQD0Du1QAsLdFlLsLUqSnDJs8MvVczClDdRpdfy-q2in-Zfoe0RqoPS1MuFLJbjZiutawlJzsydETtASwal1SDtj6A_7ElmK_p-wDQYY2pEJyYI8IuImKIICgvSfMWQODQeAWZU0nYoiOfwI2Es9o3mdlAlax3tqt7GtCryyAf57D_uFyoyHwtQEWkzeUV_L41osth7f41KdCGYp3tU.5METQmxAakKn-CmUIS8QsHRK8mIbzzWEzifI6v3mm1I%26dib_tag%3Dse%26keywords%3Dtelevision%2Bfor%2Bsmall%2Btv%26qid%3D1738008158%26s%3Dcomputers%26sr%3D1-16-spons%26sp_csd%3Dd2lkZ2V0TmFtZT1zcF9tdGY%26psc%3D1
B0BSLRB8NJ,"Sounce 3 in 1 Cleaning Kit Set for Screen PC, Laptops, Monitors, Mobiles, LCD, LED, TV/Professional Quality/Prevents Static Electricity, 100ml with Micro Fiber Cloth and Brush",149,4.2,"1,944",https://www.amazon.in/Sounce-Cleaning-Monitors-Professional-Electricity/dp/B0BSLRB8NJ/ref=sr_1_17?dib=eyJ2IjoiMSJ9.NfhkKHmFGT6u4ISdnjbc84AvfMVL7UJCYVH-Lqgsm5LxEWRjqXDTBFVbZXMBPb5n29a9CzjkN0qzGCBHt_PvHogZJQD0Du1QAsLdFlLsLUqSnDJs8MvVczClDdRpdfy-q2in-Zfoe0RqoPS1MuFLJbjZiutawlJzsydETtASwal1SDtj6A_7ElmK_p-wDQYY2pEJyYI8IuImKIICgvSfMWQODQeAWZU0nYoiOfwI2Es9o3mdlAlax3tqt7GtCryyAf57D_uFyoyHwtQEWkzeUV_L41osth7f41KdCGYp3tU.5METQmxAakKn-CmUIS8QsHRK8mIbzzWEzifI6v3mm1I&dib_tag=se&keywords=television+for+small+tv&qid=1738008158&s=computers&sr=1-17
B09FFNPS4J,"ViewSonic (USA Brand) - VA2215-H-1N, 22-inch (55.88cm) Full HD 1080p Monitor, SuperClear® VA Panel, 100Hz, 1ms, AMD FreeSync, 104% sRGB, Eye ProTech+, HDMI, VGA, ViewMode, Anti-Glare, VESA Mountable",5999,4.3,460,https://www.amazon.in/ViewSonic-USA-Brand-VA2215-H-1N-SuperClear%C2%AE/dp/B09FFNPS4J/ref=sr_1_18?dib=eyJ2IjoiMSJ9.NfhkKHmFGT6u4ISdnjbc84AvfMVL7UJCYVH-Lqgsm5LxEWRjqXDTBFVbZXMBPb5n29a9CzjkN0qzGCBHt_PvHogZJQD0Du1QAsLdFlLsLUqSnDJs8MvVczClDdRpdfy-q2in-Zfoe0RqoPS1MuFLJbjZiutawlJzsydETtASwal1SDtj6A_7ElmK_p-wDQYY2pEJyYI8IuImKIICgvSfMWQODQeAWZU0nYoiOfwI2Es9o3mdlAlax3tqt7GtCryyAf57D_uFyoyHwtQEWkzeUV_L41osth7f41KdCGYp3tU.5METQmxAakKn-CmUIS8QsHRK8mIbzzWEzifI6v3mm1I&dib_tag=se&keywords=television+for+small+tv&qid=1738008158&s=computers&sr=1-18
B0BWN2XH3J,7SEVEN® Compatible for BPL Tv Remote Control Suitable for Smart Android 4k LED UHD HD bpl Television with OTT Hotkeys Without Voice Command,449,3.7,49,https://www.amazon.in/7SEVEN%C2%AE-Compatible-Control-Suitable-Television/dp/B0BWN2XH3J/ref=sr_1_19?dib=eyJ2IjoiMSJ9.NfhkKHmFGT6u4ISdnjbc84AvfMVL7UJCYVH-Lqgsm5LxEWRjqXDTBFVbZXMBPb5n29a9CzjkN0qzGCBHt_PvHogZJQD0Du1QAsLdFlLsLUqSnDJs8MvVczClDdRpdfy-q2in-Zfoe0RqoPS1MuFLJbjZiutawlJzsydETtASwal1SDtj6A_7ElmK_p-wDQYY2pEJyYI8IuImKIICgvSfMWQODQeAWZU0nYoiOfwI2Es9o3mdlAlax3tqt7GtCryyAf57D_uFyoyHwtQEWkzeUV_L41osth7f41KdCGYp3tU.5METQmxAakKn-CmUIS8QsHRK8mIbzzWEzifI6v3mm1I&dib_tag=se&keywords=television+for+small+tv&qid=1738008158&s=computers&sr=1-19
B0CQ23WFD5,7SEVEN® Compatible with Infinix Tv Remote Suitable only TV Y1 Series Smart LED FHD 32 43 Inch Television and Make Sure Existing Controller Replicate as Similar to Perform as Original Remote Control,379,3.6,34,https://www.amazon.in/Compatible-Original-Television-Controller-Replicate/dp/B0CQ23WFD5/ref=sr_1_20?dib=eyJ2IjoiMSJ9.NfhkKHmFGT6u4ISdnjbc84AvfMVL7UJCYVH-Lqgsm5LxEWRjqXDTBFVbZXMBPb5n29a9CzjkN0qzGCBHt_PvHogZJQD0Du1QAsLdFlLsLUqSnDJs8MvVczClDdRpdfy-q2in-Zfoe0RqoPS1MuFLJbjZiutawlJzsydETtASwal1SDtj6A_7ElmK_p-wDQYY2pEJyYI8IuImKIICgvSfMWQODQeAWZU0nYoiOfwI2Es9o3mdlAlax3tqt7GtCryyAf57D_uFyoyHwtQEWkzeUV_L41osth7f41KdCGYp3tU.5METQmxAakKn-CmUIS8QsHRK8mIbzzWEzifI6v3mm1I&dib_tag=se&keywords=television+for+small+tv&qid=1738008158&s=computers&sr=1-20
B0CGV1QPF5,Khushimit® 40-inch LED LCD Smart TV Cover Comes with Transparent 30 MM Polythene Layer for Clear View Dust Free|Chloride Printed Waterproof Oil-Proof Fabric || Used for All Brand TV,498,3.3,3,https://www.amazon.in/Khushimit%C2%AE-Transparent-Polythene-Waterproof-Oil-proof/dp/B0CGV1QPF5/ref=sr_1_21?dib=eyJ2IjoiMSJ9.NfhkKHmFGT6u4ISdnjbc84AvfMVL7UJCYVH-Lqgsm5LxEWRjqXDTBFVbZXMBPb5n29a9CzjkN0qzGCBHt_PvHogZJQD0Du1QAsLdFlLsLUqSnDJs8MvVczClDdRpdfy-q2in-Zfoe0RqoPS1MuFLJbjZiutawlJzsydETtASwal1SDtj6A_7ElmK_p-wDQYY2pEJyYI8IuImKIICgvSfMWQODQeAWZU0nYoiOfwI2Es9o3mdlAlax3tqt7GtCryyAf57D_uFyoyHwtQEWkzeUV_L41osth7f41KdCGYp3tU.5METQmxAakKn-CmUIS8QsHRK8mIbzzWEzifI6v3mm1I&dib_tag=se&keywords=television+for+small+tv&qid=1738008158&s=computers&sr=1-21
B0B4SYYSWM,LRIPL LR510 LX328 Remote Control for Non Branded/Local/Chinese Televisions LCD LED Smart TV (Pairing Required- Please Match The Image Before Order),319,3.6,70,https://www.amazon.in/LRIPL-LX328-Control-Branded-Televisions/dp/B0B4SYYSWM/ref=sr_1_22?dib=eyJ2IjoiMSJ9.NfhkKHmFGT6u4ISdnjbc84AvfMVL7UJCYVH-Lqgsm5LxEWRjqXDTBFVbZXMBPb5n29a9CzjkN0qzGCBHt_PvHogZJQD0Du1QAsLdFlLsLUqSnDJs8MvVczClDdRpdfy-q2in-Zfoe0RqoPS1MuFLJbjZiutawlJzsydETtASwal1SDtj6A_7ElmK_p-wDQYY2pEJyYI8IuImKIICgvSfMWQODQeAWZU0nYoiOfwI2Es9o3mdlAlax3tqt7GtCryyAf57D_uFyoyHwtQEWkzeUV_L41osth7f41KdCGYp3tU.5METQmxAakKn-CmUIS8QsHRK8mIbzzWEzifI6v3mm1I&dib_tag=se&keywords=television+for+small+tv&qid=1738008158&s=computers&sr=1-22
B0CQR8YXY3,7SEVEN® Compatible of Vu Tv Remote Original Model ERF3F69V Suitable for Smart Android 4k LED FHD UHD QLED Vu Television Remote Control Replicate if Existing Remotes Match Exacly- Pairing Must,1699,1.9,9,https://www.amazon.in/Compatible-Original-ERF3F69V-Television-Replicate/dp/B0CQR8YXY3/ref=sr_1_23?dib=eyJ2IjoiMSJ9.NfhkKHmFGT6u4ISdnjbc84AvfMVL7UJCYVH-Lqgsm5LxEWRjqXDTBFVbZXMBPb5n29a9CzjkN0qzGCBHt_PvHogZJQD0Du1QAsLdFlLsLUqSnDJs8MvVczClDdRpdfy-q2in-Zfoe0RqoPS1MuFLJbjZiutawlJzsydETtASwal1SDtj6A_7ElmK_p-wDQYY2pEJyYI8IuImKIICgvSfMWQODQeAWZU0nYoiOfwI2Es9o3mdlAlax3tqt7GtCryyAf57D_uFyoyHwtQEWkzeUV_L41osth7f41KdCGYp3tU.5METQmxAakKn-CmUIS8QsHRK8mIbzzWEzifI6v3mm1I&dib_tag=se&keywords=television+for+small+tv&qid=1738008158&s=computers&sr=1-23
B0BTZ6ZKQD,"7SEVEN® Compatible with TCL Google Tv Remote Original RC902V Fmr1 Fmr4 Fmr5 Fmr6 Fmr7 Fmr9 Model's Suitable for QLED UHD FHD OLED Smart 4K Television, No Voice Command Feature",479,3.6,67,https://www.amazon.in/Compatible-Original-Assistant-Suitable-Television/dp/B0BTZ6ZKQD/ref=sr_1_24?dib=eyJ2IjoiMSJ9.NfhkKHmFGT6u4ISdnjbc84AvfMVL7UJCYVH-Lqgsm5LxEWRjqXDTBFVbZXMBPb5n29a9CzjkN0qzGCBHt_PvHogZJQD0Du1QAsLdFlLsLUqSnDJs8MvVczClDdRpdfy-q2in-Zfoe0RqoPS1MuFLJbjZiutawlJzsydETtASwal1SDtj6A_7ElmK_p-wDQYY2pEJyYI8IuImKIICgvSfMWQODQeAWZU0nYoiOfwI2Es9o3mdlAlax3tqt7GtCryyAf57D_uFyoyHwtQEWkzeUV_L41osth7f41KdCGYp3tU.5METQmxAakKn-CmUIS8QsHRK8mIbzzWEzifI6v3mm1I&dib_tag=se&keywords=television+for+small+tv&qid=1738008158&s=computers&sr=1-24
B0CTCBZHFS,7SEVEN® Compatible with Samsung Tv Remote Original Model BN59-01357 Smart Android 4k Television Any Size Screen Without Voice Command Feature Just Plug & Play with Genuine Samsung Tv,479,3.4,27,https://www.amazon.in/7SEVEN%C2%AE-Compatible-Original-BN59-01357-Television/dp/B0CTCBZHFS/ref=sr_1_25?dib=eyJ2IjoiMSJ9.NfhkKHmFGT6u4ISdnjbc84AvfMVL7UJCYVH-Lqgsm5LxEWRjqXDTBFVbZXMBPb5n29a9CzjkN0qzGCBHt_PvHogZJQD0Du1QAsLdFlLsLUqSnDJs8MvVczClDdRpdfy-q2in-Zfoe0RqoPS1MuFLJbjZiutawlJzsydETtASwal1SDtj6A_7ElmK_p-wDQYY2pEJyYI8IuImKIICgvSfMWQODQeAWZU0nYoiOfwI2Es9o3mdlAlax3tqt7GtCryyAf57D_uFyoyHwtQEWkzeUV_L41osth7f41KdCGYp3tU.5METQmxAakKn-CmUIS8QsHRK8mIbzzWEzifI6v3mm1I&dib_tag=se&keywords=television+for+small+tv&qid=1738008158&s=computers&sr=1-25
B09MCVP2KS,7SEVEN® Compatible with Samsung tv Remote Control Universal Replacement Remote for Original Samsung LCD LED OLED QLED UHD HD Plasma 3D Smart Hub Television with Netflix and Prime Video Hotkeys,333,4.2,269,https://www.amazon.in/7SEVENTM-Compatible-Universal-Replacement-Television/dp/B09MCVP2KS/ref=sr_1_26?dib=eyJ2IjoiMSJ9.NfhkKHmFGT6u4ISdnjbc84AvfMVL7UJCYVH-Lqgsm5LxEWRjqXDTBFVbZXMBPb5n29a9CzjkN0qzGCBHt_PvHogZJQD0Du1QAsLdFlLsLUqSnDJs8MvVczClDdRpdfy-q2in-Zfoe0RqoPS1MuFLJbjZiutawlJzsydETtASwal1SDtj6A_7ElmK_p-wDQYY2pEJyYI8IuImKIICgvSfMWQODQeAWZU0nYoiOfwI2Es9o3mdlAlax3tqt7GtCryyAf57D_uFyoyHwtQEWkzeUV_L41osth7f41KdCGYp3tU.5METQmxAakKn-CmUIS8QsHRK8mIbzzWEzifI6v3mm1I&dib_tag=se&keywords=television+for+small+tv&qid=1738008158&s=computers&sr=1-26
B0C69HT17S,"OXMIC TV Cabinet for livingroom,Set top Box Stand,Wall Bracket,Wall Mounted Stand|,TV Unit Wooden| TV Unit Shelf| TV Unit Rack| TV Unit Wall Mount| TV Units| TV Unit Shelve| Rack, 5 Cm, 40 Cm",659,3.8,72,https://www.amazon.in/OXMIC-Cabinet-livingroom-Bracket-Mounted/dp/B0C69HT17S/ref=sr_1_27?dib=eyJ2IjoiMSJ9.NfhkKHmFGT6u4ISdnjbc84AvfMVL7UJCYVH-Lqgsm5LxEWRjqXDTBFVbZXMBPb5n29a9CzjkN0qzGCBHt_PvHogZJQD0Du1QAsLdFlLsLUqSnDJs8MvVczClDdRpdfy-q2in-Zfoe0RqoPS1MuFLJbjZiutawlJzsydETtASwal1SDtj6A_7ElmK_p-wDQYY2pEJyYI8IuImKIICgvSfMWQODQeAWZU0nYoiOfwI2Es9o3mdlAlax3tqt7GtCryyAf57D_uFyoyHwtQEWkzeUV_L41osth7f41KdCGYp3tU.5METQmxAakKn-CmUIS8QsHRK8mIbzzWEzifI6v3mm1I&dib_tag=se&keywords=television+for+small+tv&qid=1738008158&s=computers&sr=1-27
B0CSB2DS9M,"Atoz Store 7 inch Full HD Monitor (Portable Wide Screen Tv/Monitor Fm Mp3/ Mp4 Sd Reader USB Play with Remote) (Response Time: 5 ms, 60 Hz Refresh Rate)",No price found,No rating found,,https://www.amazon.in/Monitor-Portable-Screen-Reader-Response/dp/B0CSB2DS9M/ref=sr_1_28?dib=eyJ2IjoiMSJ9.NfhkKHmFGT6u4ISdnjbc84AvfMVL7UJCYVH-Lqgsm5LxEWRjqXDTBFVbZXMBPb5n29a9CzjkN0qzGCBHt_PvHogZJQD0Du1QAsLdFlLsLUqSnDJs8MvVczClDdRpdfy-q2in-Zfoe0RqoPS1MuFLJbjZiutawlJzsydETtASwal1SDtj6A_7ElmK_p-wDQYY2pEJyYI8IuImKIICgvSfMWQODQeAWZU0nYoiOfwI2Es9o3mdlAlax3tqt7GtCryyAf57D_uFyoyHwtQEWkzeUV_L41osth7f41KdCGYp3tU.5METQmxAakKn-CmUIS8QsHRK8mIbzzWEzifI6v3mm1I&dib_tag=se&keywords=television+for+small+tv&qid=1738008158&s=computers&sr=1-28
B0C2VPX93F,"Lenovo L-Series 54.48 cm (21.4inch) | FHD Ultraslim Monitor |16.7Mn Colors, 75Hz, 4ms, AMD FreeSync, HDMI,TUV Eye Comfort & Low Blue Light, Smart Display Customization Artery, Grey, L22e-40",6799,4.3,720,https://www.amazon.in/sspa/click?ie=UTF8&spc=MTo2NTgzNDE1NzMyODI4ODIyOjE3MzgwMDgxNTg6c3BfYnRmOjMwMDAyNzYxODUxNjQzMjo6MDo6&url=%2FLenovo-Ultraslim-Monitor-FreeSync-Customization%2Fdp%2FB0C2VPX93F%2Fref%3Dsr_1_29_sspa%3Fdib%3DeyJ2IjoiMSJ9.NfhkKHmFGT6u4ISdnjbc84AvfMVL7UJCYVH-Lqgsm5LxEWRjqXDTBFVbZXMBPb5n29a9CzjkN0qzGCBHt_PvHogZJQD0Du1QAsLdFlLsLUqSnDJs8MvVczClDdRpdfy-q2in-Zfoe0RqoPS1MuFLJbjZiutawlJzsydETtASwal1SDtj6A_7ElmK_p-wDQYY2pEJyYI8IuImKIICgvSfMWQODQeAWZU0nYoiOfwI2Es9o3mdlAlax3tqt7GtCryyAf57D_uFyoyHwtQEWkzeUV_L41osth7f41KdCGYp3tU.5METQmxAakKn-CmUIS8QsHRK8mIbzzWEzifI6v3mm1I%26dib_tag%3Dse%26keywords%3Dtelevision%2Bfor%2Bsmall%2Btv%26qid%3D1738008158%26s%3Dcomputers%26sr%3D1-29-spons%26sp_csd%3Dd2lkZ2V0TmFtZT1zcF9idGY%26psc%3D1
B0C5RWRGWP,"FRONTECH 18.5 Inch HD LED Monitor | Refresh Rate 60 Hz, 1366 x 768 Pixels | Wall Mountable Slim & Stylish Design with 16.7M Colors| HDMI & VGA Ports, Built-in Power Supply (MON-0061,Black)",2743,3.4,504,https://www.amazon.in/sspa/click?ie=UTF8&spc=MTo2NTgzNDE1NzMyODI4ODIyOjE3MzgwMDgxNTg6c3BfYnRmOjMwMDQ1NDkwMzkwMjczMjo6MDo6&url=%2FFRONTECH-Monitor-Refresh-Mountable-MON-0061%2Fdp%2FB0C5RWRGWP%2Fref%3Dsr_1_30_sspa%3Fdib%3DeyJ2IjoiMSJ9.NfhkKHmFGT6u4ISdnjbc84AvfMVL7UJCYVH-Lqgsm5LxEWRjqXDTBFVbZXMBPb5n29a9CzjkN0qzGCBHt_PvHogZJQD0Du1QAsLdFlLsLUqSnDJs8MvVczClDdRpdfy-q2in-Zfoe0RqoPS1MuFLJbjZiutawlJzsydETtASwal1SDtj6A_7ElmK_p-wDQYY2pEJyYI8IuImKIICgvSfMWQODQeAWZU0nYoiOfwI2Es9o3mdlAlax3tqt7GtCryyAf57D_uFyoyHwtQEWkzeUV_L41osth7f41KdCGYp3tU.5METQmxAakKn-CmUIS8QsHRK8mIbzzWEzifI6v3mm1I%26dib_tag%3Dse%26keywords%3Dtelevision%2Bfor%2Bsmall%2Btv%26qid%3D1738008158%26s%3Dcomputers%26sr%3D1-30-spons%26sp_csd%3Dd2lkZ2V0TmFtZT1zcF9idGY%26psc%3D1
